{"HP":100,"CT":0.3799999952316284,"ATK":8,"SkillID":[1,2,3,4,6,9,10,11,13,16,17,15,16,17,15,0,0,0,0,0],"ShipID":[1,2,3,4,8,6,0,0,0,0,0,0,0,0,0,0,0,0,0,0],"IndSum":13,"ComSum":40,"AgrSum":0.9300001859664917}
