{"HP":138,"CT":0.4399999976158142,"ATK":22,"SkillID":[1,2,3,4,10,11,13,16,17,15,13,14,15,16,17,6,0,0,0,0],"ShipID":[1,2,3,4,8,6,0,0,0,0,0,0,0,0,0,0,0,0,0,0],"IndSum":27,"ComSum":78,"AgrSum":0.9900001287460327}
