{"HP":97,"CT":0.3499999940395355,"ATK":6,"SkillID":[1,2,3,4,10,11,16,17,6,11,12,14,16,17,15,0,0,0,0,0],"ShipID":[1,2,3,4,8,0,0,0,0,0,0,0,0,0,0,0,0,0,0,0],"IndSum":11,"ComSum":37,"AgrSum":0.9000001549720764}
