{"HP":88,"CT":0.23000000417232514,"ATK":3,"sillID":0,"isGet":false,"IndSum":8,"ComSum":28,"AgrSum":0.7800000905990601}
