{"HP":88,"CT":0.23000000417232514,"ATK":3,"SkillID":[1,2,3,4,9,17,9,10,11,14,16,17,1,0,0,0,0,0,0,0],"ShipID":[1,2,3,4,8,0,0,0,0,0,0,0,0,0,0,0,0,0,0,0],"IndSum":8,"ComSum":28,"AgrSum":0.7800000905990601}
