{"HP":253,"CT":1.0699999332427979,"ATK":163,"SkillID":[1,2,3,4,5,6,8,9,10,11,12,13,14,15,16,17,7,0,0,0],"ShipID":[1,2,3,4,5,6,7,0,0,0,0,0,0,0,0,0,0,0,0,0],"IndSum":142,"ComSum":170,"AgrSum":2.3999996185302736}
