{"HP":104,"CT":0.4099999964237213,"ATK":9,"SkillID":[1,2,3,4,6,8,10,11,12,13,16,17,15,17,15,0,0,0,0,0],"ShipID":[1,2,3,4,8,6,0,0,0,0,0,0,0,0,0,0,0,0,0,0],"IndSum":14,"ComSum":44,"AgrSum":0.9600001573562622}
