{"HP":264,"CT":1.2359998226165772,"ATK":177,"SkillID":[1,2,3,4,6,8,9,10,11,13,15,16,17,7,5,12,5,0,0,0],"ShipID":[1,2,3,4,5,6,7,0,0,0,0,0,0,0,0,0,0,0,0,0],"IndSum":156,"ComSum":181,"AgrSum":2.5659995079040529}
