{"HP":206,"CT":0.8300000429153442,"ATK":82,"SkillID":[1,2,3,4,6,8,9,10,11,13,16,17,15,17,6,6,0,0,0,0],"ShipID":[1,2,3,4,8,6,0,0,0,0,0,0,0,0,0,0,0,0,0,0],"IndSum":71,"ComSum":132,"AgrSum":1.350000023841858}
