{"HP":212,"CT":0.8899999856948853,"ATK":86,"SkillID":[1,2,3,4,6,7,8,9,10,11,12,13,14,15,16,17,5,0,0,0],"ShipID":[1,2,3,4,8,6,0,0,0,0,0,0,0,0,0,0,0,0,0,0],"IndSum":75,"ComSum":138,"AgrSum":1.409999966621399}
