{"HP":251,"CT":1.0199999809265137,"ATK":162,"SkillID":[1,2,3,4,6,7,8,9,10,11,12,13,14,15,16,17,5,0,0,0],"ShipID":[1,2,3,4,8,6,0,0,0,0,0,0,0,0,0,0,0,0,0,0],"IndSum":141,"ComSum":168,"AgrSum":2.3499996662139894}
