{"HP":255,"CT":1.119999885559082,"ATK":167,"SkillID":[1,2,3,4,6,7,8,9,10,11,12,13,14,15,16,17,5,0,0,0],"ShipID":[1,2,3,4,5,6,7,0,0,0,0,0,0,0,0,0,0,0,0,0],"IndSum":146,"ComSum":172,"AgrSum":2.4499995708465578}
