{"HP":88,"CT":0.23000000417232514,"ATK":3,"SkillID":[1,2,3,4,6,8,10,11,14,16,17,7,16,0,0,0,0,0,0,0],"ShipID":[2,3,4,5,0,0,0,0,0,0,0,0,0,0,0,0,0,0,0,0],"IndSum":8,"ComSum":28,"AgrSum":0.7800000905990601}
