{"HP":212,"CT":0.9300000667572022,"ATK":84,"SkillID":[1,2,3,4,6,7,8,9,10,11,12,13,15,16,17,14,0,0,0,0],"ShipID":[1,2,3,4,8,6,0,0,0,0,0,0,0,0,0,0,0,0,0,0],"IndSum":73,"ComSum":138,"AgrSum":1.4499999284744263}
