{"HP":200,"CT":0.7300000190734863,"ATK":80,"SkillID":[1,2,3,4,8,10,11,13,16,17,6,12,16,17,6,6,0,0,0,0],"ShipID":[1,2,3,4,8,6,0,0,0,0,0,0,0,0,0,0,0,0,0,0],"IndSum":69,"ComSum":126,"AgrSum":1.2500001192092896}
